{
    "popularity": {
        "mean": 33.2385350877193,
        "stddev": 22.305078493372324,
        "min": 0,
        "max": 100,
        "25th_percentile": 11.0,
        "50th_percentile": 32.0,
        "75th_percentile": 48.0,
        "missing_values": 0
    },
    "duration_ms": {
        "mean": 228029.15311403509,
        "stddev": 107297.71264491338,
        "min": 0,
        "max": 5237295,
        "25th_percentile": 175453.0,
        "50th_percentile": 212620.0,
        "75th_percentile": 255233.0,
        "missing_values": 0
    },
    "explicit": {
        "False": 104253,
        "True": 9747,
        "missing_values": 0
    },
    "danceability": {
        "mean": 0.5668000658466236,
        "stddev": 0.17354217357088347,
        "min": 0.0,
        "max": 0.9850000143051147,
        "25th_percentile": 0.45399999618530273,
        "50th_percentile": 0.5720000267028809,
        "75th_percentile": 0.6769999861717224,
        "missing_values": 0
    },
    "energy": {
        "mean": 0.6413827583264115,
        "stddev": 0.25152906877019654,
        "min": 0.0,
        "max": 1.0,
        "25th_percentile": 0.42800000309944153,
        "50th_percentile": 0.6729999780654907,
        "75th_percentile": 0.8550000190734863,
        "missing_values": 0
    },
    "key": {
        "mean": 5.309140350877193,
        "stddev": 3.5599871245365424,
        "min": 0,
        "max": 11,
        "25th_percentile": 2.0,
        "50th_percentile": 5.0,
        "75th_percentile": 8.0,
        "missing_values": 0
    },
    "loudness": {
        "mean": -8.258960368874988,
        "stddev": 5.029336644995338,
        "min": -49.53099822998047,
        "max": 4.5320000648498535,
        "25th_percentile": -9.515000343322754,
        "50th_percentile": -7.276000022888184,
        "75th_percentile": -5.327000141143799,
        "missing_values": 0
    },
    "mode": {
        "mean": 0.6375526315789474,
        "stddev": 0.48070916422995186,
        "min": 0,
        "max": 1,
        "25th_percentile": 0.0,
        "50th_percentile": 1.0,
        "75th_percentile": 1.0,
        "missing_values": 0
    },
    "speechiness": {
        "mean": 0.0846521123582824,
        "stddev": 0.10573236437119175,
        "min": 0.0,
        "max": 0.9649999737739563,
        "25th_percentile": 0.03400000184774399,
        "50th_percentile": 0.046799998730421066,
        "75th_percentile": 0.08079999685287476,
        "missing_values": 0
    },
    "acousticness": {
        "mean": 0.3149100624662498,
        "stddev": 0.3325227021867076,
        "min": 0.0,
        "max": 0.9959999918937683,
        "25th_percentile": 0.00949000008404255,
        "50th_percentile": 0.15199999511241913,
        "75th_percentile": 0.5519999861717224,
        "missing_values": 0
    },
    "instrumentalness": {
        "mean": 0.15604958922028772,
        "stddev": 0.30955484835856684,
        "min": 0.0,
        "max": 1.0,
        "25th_percentile": 0.0,
        "50th_percentile": 3.9999998989515007e-05,
        "75th_percentile": 0.014999999664723873,
        "missing_values": 0
    },
    "liveness": {
        "mean": 0.21355283612052894,
        "stddev": 0.19037769897921505,
        "min": 0.0,
        "max": 1.0,
        "25th_percentile": 0.09839999675750732,
        "50th_percentile": 0.12999999523162842,
        "75th_percentile": 0.2409999966621399,
        "missing_values": 0
    },
    "valence": {
        "mean": 0.4740682310538185,
        "stddev": 0.25926106446734726,
        "min": 0.0,
        "max": 0.9950000047683716,
        "25th_percentile": 0.24300000071525574,
        "50th_percentile": 0.46399998664855957,
        "75th_percentile": 0.6669999957084656,
        "missing_values": 0
    },
    "tempo": {
        "mean": 122.14783727610738,
        "stddev": 29.978196903128886,
        "min": 0.0,
        "max": 243.3719940185547,
        "25th_percentile": 95.27400207519531,
        "50th_percentile": 123.04499816894531,
        "75th_percentile": 139.1909942626953,
        "missing_values": 0
    },
    "time_signature": {
        "mean": 3.9040350877192984,
        "stddev": 0.4326208483475806,
        "min": 0,
        "max": 5,
        "25th_percentile": 4.0,
        "50th_percentile": 4.0,
        "75th_percentile": 4.0,
        "missing_values": 0
    },
    "track_genre": {
        "anime": 1000,
        "singer-songwriter": 1000,
        "folk": 1000,
        "hardstyle": 1000,
        "pop": 1000,
        "alternative": 1000,
        "death-metal": 1000,
        "detroit-techno": 1000,
        "idm": 1000,
        "k-pop": 1000,
        "j-dance": 1000,
        "ambient": 1000,
        "guitar": 1000,
        "goth": 1000,
        "cantopop": 1000,
        "blues": 1000,
        "study": 1000,
        "malay": 1000,
        "breakbeat": 1000,
        "dance": 1000,
        "groove": 1000,
        "indian": 1000,
        "german": 1000,
        "sad": 1000,
        "spanish": 1000,
        "french": 1000,
        "electronic": 1000,
        "brazil": 1000,
        "dub": 1000,
        "deep-house": 1000,
        "edm": 1000,
        "rock-n-roll": 1000,
        "power-pop": 1000,
        "progressive-house": 1000,
        "swedish": 1000,
        "synth-pop": 1000,
        "chill": 1000,
        "bluegrass": 1000,
        "j-rock": 1000,
        "party": 1000,
        "hip-hop": 1000,
        "reggaeton": 1000,
        "techno": 1000,
        "grunge": 1000,
        "hard-rock": 1000,
        "indie-pop": 1000,
        "jazz": 1000,
        "new-age": 1000,
        "show-tunes": 1000,
        "trip-hop": 1000,
        "punk-rock": 1000,
        "country": 1000,
        "hardcore": 1000,
        "industrial": 1000,
        "british": 1000,
        "metalcore": 1000,
        "songwriter": 1000,
        "j-idol": 1000,
        "honky-tonk": 1000,
        "kids": 1000,
        "metal": 1000,
        "soul": 1000,
        "turkish": 1000,
        "mpb": 1000,
        "psych-rock": 1000,
        "grindcore": 1000,
        "pop-film": 1000,
        "salsa": 1000,
        "happy": 1000,
        "mandopop": 1000,
        "dancehall": 1000,
        "r-n-b": 1000,
        "club": 1000,
        "indie": 1000,
        "electro": 1000,
        "latino": 1000,
        "samba": 1000,
        "drum-and-bass": 1000,
        "heavy-metal": 1000,
        "house": 1000,
        "pagode": 1000,
        "chicago-house": 1000,
        "funk": 1000,
        "alt-rock": 1000,
        "disney": 1000,
        "children": 1000,
        "sleep": 1000,
        "dubstep": 1000,
        "gospel": 1000,
        "world-music": 1000,
        "acoustic": 1000,
        "rockabilly": 1000,
        "rock": 1000,
        "ska": 1000,
        "opera": 1000,
        "black-metal": 1000,
        "iranian": 1000,
        "romance": 1000,
        "emo": 1000,
        "reggae": 1000,
        "j-pop": 1000,
        "tango": 1000,
        "punk": 1000,
        "disco": 1000,
        "classical": 1000,
        "latin": 1000,
        "sertanejo": 1000,
        "afrobeat": 1000,
        "garage": 1000,
        "forro": 1000,
        "trance": 1000,
        "minimal-techno": 1000,
        "comedy": 1000,
        "piano": 1000,
        "missing_values": 0
    }
}